Workbook
Name Slicer_Category: #N/A
Name Slicer_Gender: #N/A
Name Slicer_Region: #N/A
Name Slicer_Year: #N/A

Sheet Raw_Sales
A1: OrderID | B1: Date | C1: ProductID | D1: CustomerID | E1: EmployeeID | F1: Quantity | G1: UnitPrice
A2: 1 | B2: 45344 | C2: 27 | D2: 80 | E2: 27 | F2: 2 | G2: 863
A3: 2 | B3: 45168 | C3: 18 | D3: 17 | E3: 45 | F3: 6 | G3: 232
A4: 3 | B4: 45587 | C4: 24 | D4: 51 | E4: 44 | F4: 6 | G4: 567
A5: 4 | B5: 45392 | C5: 23 | D5: 32 | E5: 26 | F5: 5 | G5: 204
A6: 5 | B6: 45268 | C6: 6 | D6: 109 | E6: 42 | F6: 10 | G6: 31
A7: 6 | B7: 45494 | C7: 16 | D7: 65 | E7: 37 | F7: 4 | G7: 80
A8: 7 | B8: 45537 | C8: 14 | D8: 111 | E8: 15 | F8: 6 | G8: 802
A9: 8 | B9: 45105 | C9: 1 | D9: 142 | E9: 10 | F9: 3 | G9: 563
A10: 9 | B10: 45170 | C10: 8 | D10: 14 | E10: 9 | F10: 1 | G10: 376
A11: 10 | B11: 45358 | C11: 38 | D11: 166 | E11: 2 | F11: 3 | G11: 281
A12: 11 | B12: 45297 | C12: 34 | D12: 59 | E12: 48 | F12: 10 | G12: 497
A13: 12 | B13: 44971 | C13: 33 | D13: 56 | E13: 29 | F13: 9 | G13: 236
... A5001: 5000 | B5001: 44997 | C5001: 47 | D5001: 159 | E5001: 40 | F5001: 5 | G5001: 963

Sheet Raw_Customers
A1: CustomerID | B1: CustomerName | C1: Region | D1: Gender | E1: Age
A2: 1 | B2: Brian Castillo | C2: South | D2: Female | E2: 21
A3: 2 | B3: Rebecca Patel | C3: South | D3: Male | E3: 38
A4: 3 | B4: George Jones | C4: West | D4: Female | E4: 22
A5: 4 | B5: Larry Kelly | C5: South | D5: Female | E5: 31
A6: 5 | B6: Jennifer Turner | C6: West | D6: Female | E6: 59
A7: 6 | B7: Gary Chavez | C7: West | D7: Male | E7: 34
A8: 7 | B8: Maria Lee | C8: South | D8: Male | E8: 65
A9: 8 | B9: Jennifer Cook | C9: East | D9: Female | E9: 55
A10: 9 | B10: Jacob Jones | C10: West | D10: Female | E10: 32
A11: 10 | B11: David Martin | C11: South | D11: Female | E11: 23
A12: 11 | B12: Dennis Jones | C12: North | D12: Male | E12: 27
A13: 12 | B13: Jonathan Lewis | C13: South | D13: Female | E13: 56
... A301: 300 | B301: Larry Watson | C301: East | D301: Male | E301: 36

Sheet Raw_Products
A1: ProductID | B1: ProductName | C1: Category
A2: 1 | B2: Rice Bag | C2: Groceries
A3: 2 | B3: Cooking Oil | C3: Groceries
A4: 3 | B4: Spaghetti | C4: Groceries
A5: 4 | B5: Sugar Pack | C5: Groceries
A6: 5 | B6: Salt | C6: Groceries
A7: 6 | B7: Flour | C7: Groceries
A8: 7 | B8: Milk Powder | C8: Groceries
A9: 8 | B9: Bread | C9: Groceries
A10: 9 | B10: Canned Beans | C10: Groceries
A11: 10 | B11: Tomato Paste | C11: Groceries
A12: 11 | B12: Smartphone | C12: Electronics
A13: 12 | B13: Laptop | C13: Electronics
... A51: 50 | B51: Skipping Rope | C51: Sports

Sheet Clean_Data
A1: OrderID | B1: Year | C1: Month | D1: Date | E1: ProductID | F1: CustomerID | G1: EmployeeID | H1: Quantity | I1: UnitPrice | J1: Sales | K1: Gender | L1: Age | M1: Region | N1: Product_Name | O1: Category | P1: CustomerName
A2: 1 | B2: =YEAR(D:D) -> 2024 | C2: =TEXT(Excel_Dashboard_Dataset_xlsx___Sales5[[#This Row],[Date]],"mmm") -> Feb | D2: 45344 | E2: 27 | F2: 80 | G2: 27 | H2: 2 | I2: 863 | J2: =Excel_Dashboard_Dataset_xlsx___Sales5[[#This Row],[Quantity]]*Excel_Dashboard_Dataset_xlsx___Sales5[[#This Row],[UnitPrice]] -> 1726 | K2: =_xlfn.XLOOKUP(Excel_Dashboard_Dataset_xlsx___Sales5[[#This Row],[CustomerID]],Raw_Customers!A:A,Raw_Customers!D:D) -> Male | L2: =_xlfn.XLOOKUP(Excel_Dashboard_Dataset_xlsx___Sales5[[#This Row],[CustomerID]],Raw_Customers!A:A,Raw_Customers!E:E) -> 65 | M2: =_xlfn.XLOOKUP(Excel_Dashboard_Dataset_xlsx___Sales5[[#This Row],[CustomerID]],Raw_Customers!A:A,Raw_Customers!C:C) -> West | N2: =_xlfn.XLOOKUP(Excel_Dashboard_Dataset_xlsx___Sales5[[#This Row],[ProductID]],Raw_Products!A:A,Raw_Products!B:B) -> Air Conditioner | O2: =_xlfn.XLOOKUP(Excel_Dashboard_Dataset_xlsx___Sales5[[#This Row],[ProductID]],Raw_Products!A:A,Raw_Products!C:C) -> Home Appliances | P2: =_xlfn.XLOOKUP(Excel_Dashboard_Dataset_xlsx___Sales5[[#This Row],[CustomerID]], Raw_Customers!A:A, Raw_Customers!B:B, "Unknown") -> Elizabeth Sanders
A3: 2 | B3: =YEAR(D:D) -> 2023 | C3: =TEXT(Excel_Dashboard_Dataset_xlsx___Sales5[[#This Row],[Date]],"mmm") -> Aug | D3: 45168 | E3: 18 | F3: 17 | G3: 45 | H3: 6 | I3: 232 | J3: =Excel_Dashboard_Dataset_xlsx___Sales5[[#This Row],[Quantity]]*Excel_Dashboard_Dataset_xlsx___Sales5[[#This Row],[UnitPrice]] -> 1392 | K3: =_xlfn.XLOOKUP(Excel_Dashboard_Dataset_xlsx___Sales5[[#This Row],[CustomerID]],Raw_Customers!A:A,Raw_Customers!D:D) -> Female | L3: =_xlfn.XLOOKUP(Excel_Dashboard_Dataset_xlsx___Sales5[[#This Row],[CustomerID]],Raw_Customers!A:A,Raw_Customers!E:E) -> 28 | M3: =_xlfn.XLOOKUP(Excel_Dashboard_Dataset_xlsx___Sales5[[#This Row],[CustomerID]],Raw_Customers!A:A,Raw_Customers!C:C) -> East | N3: =_xlfn.XLOOKUP(Excel_Dashboard_Dataset_xlsx___Sales5[[#This Row],[ProductID]],Raw_Products!A:A,Raw_Products!B:B) -> Gaming Console | O3: =_xlfn.XLOOKUP(Excel_Dashboard_Dataset_xlsx___Sales5[[#This Row],[ProductID]],Raw_Products!A:A,Raw_Products!C:C) -> Electronics | P3: =_xlfn.XLOOKUP(Excel_Dashboard_Dataset_xlsx___Sales5[[#This Row],[CustomerID]], Raw_Customers!A:A, Raw_Customers!B:B, "Unknown") -> Gary Hughes
A4: 3 | B4: =YEAR(D:D) -> 2024 | C4: =TEXT(Excel_Dashboard_Dataset_xlsx___Sales5[[#This Row],[Date]],"mmm") -> Oct | D4: 45587 | E4: 24 | F4: 51 | G4: 44 | H4: 6 | I4: 567 | J4: =Excel_Dashboard_Dataset_xlsx___Sales5[[#This Row],[Quantity]]*Excel_Dashboard_Dataset_xlsx___Sales5[[#This Row],[UnitPrice]] -> 3402 | K4: =_xlfn.XLOOKUP(Excel_Dashboard_Dataset_xlsx___Sales5[[#This Row],[CustomerID]],Raw_Customers!A:A,Raw_Customers!D:D) -> Male | L4: =_xlfn.XLOOKUP(Excel_Dashboard_Dataset_xlsx___Sales5[[#This Row],[CustomerID]],Raw_Customers!A:A,Raw_Customers!E:E) -> 46 | M4: =_xlfn.XLOOKUP(Excel_Dashboard_Dataset_xlsx___Sales5[[#This Row],[CustomerID]],Raw_Customers!A:A,Raw_Customers!C:C) -> South | N4: =_xlfn.XLOOKUP(Excel_Dashboard_Dataset_xlsx___Sales5[[#This Row],[ProductID]],Raw_Products!A:A,Raw_Products!B:B) -> Washing Machine | O4: =_xlfn.XLOOKUP(Excel_Dashboard_Dataset_xlsx___Sales5[[#This Row],[ProductID]],Raw_Products!A:A,Raw_Products!C:C) -> Home Appliances | P4: =_xlfn.XLOOKUP(Excel_Dashboard_Dataset_xlsx___Sales5[[#This Row],[CustomerID]], Raw_Customers!A:A, Raw_Customers!B:B, "Unknown") -> Justin Turner
A5: 4 | B5: =YEAR(D:D) -> 2024 | C5: =TEXT(Excel_Dashboard_Dataset_xlsx___Sales5[[#This Row],[Date]],"mmm") -> Apr | D5: 45392 | E5: 23 | F5: 32 | G5: 26 | H5: 5 | I5: 204 | J5: =Excel_Dashboard_Dataset_xlsx___Sales5[[#This Row],[Quantity]]*Excel_Dashboard_Dataset_xlsx___Sales5[[#This Row],[UnitPrice]] -> 1020 | K5: =_xlfn.XLOOKUP(Excel_Dashboard_Dataset_xlsx___Sales5[[#This Row],[CustomerID]],Raw_Customers!A:A,Raw_Customers!D:D) -> Female | L5: =_xlfn.XLOOKUP(Excel_Dashboard_Dataset_xlsx___Sales5[[#This Row],[CustomerID]],Raw_Customers!A:A,Raw_Customers!E:E) -> 51 | M5: =_xlfn.XLOOKUP(Excel_Dashboard_Dataset_xlsx___Sales5[[#This Row],[CustomerID]],Raw_Customers!A:A,Raw_Customers!C:C) -> East | N5: =_xlfn.XLOOKUP(Excel_Dashboard_Dataset_xlsx___Sales5[[#This Row],[ProductID]],Raw_Products!A:A,Raw_Products!B:B) -> Blender | O5: =_xlfn.XLOOKUP(Excel_Dashboard_Dataset_xlsx___Sales5[[#This Row],[ProductID]],Raw_Products!A:A,Raw_Products!C:C) -> Home Appliances | P5: =_xlfn.XLOOKUP(Excel_Dashboard_Dataset_xlsx___Sales5[[#This Row],[CustomerID]], Raw_Customers!A:A, Raw_Customers!B:B, "Unknown") -> Justin Gutierrez
A6: 5 | B6: =YEAR(D:D) -> 2023 | C6: =TEXT(Excel_Dashboard_Dataset_xlsx___Sales5[[#This Row],[Date]],"mmm") -> Dec | D6: 45268 | E6: 6 | F6: 109 | G6: 42 | H6: 10 | I6: 31 | J6: =Excel_Dashboard_Dataset_xlsx___Sales5[[#This Row],[Quantity]]*Excel_Dashboard_Dataset_xlsx___Sales5[[#This Row],[UnitPrice]] -> 310 | K6: =_xlfn.XLOOKUP(Excel_Dashboard_Dataset_xlsx___Sales5[[#This Row],[CustomerID]],Raw_Customers!A:A,Raw_Customers!D:D) -> Male | L6: =_xlfn.XLOOKUP(Excel_Dashboard_Dataset_xlsx___Sales5[[#This Row],[CustomerID]],Raw_Customers!A:A,Raw_Customers!E:E) -> 24 | M6: =_xlfn.XLOOKUP(Excel_Dashboard_Dataset_xlsx___Sales5[[#This Row],[CustomerID]],Raw_Customers!A:A,Raw_Customers!C:C) -> East | N6: =_xlfn.XLOOKUP(Excel_Dashboard_Dataset_xlsx___Sales5[[#This Row],[ProductID]],Raw_Products!A:A,Raw_Products!B:B) -> Flour | O6: =_xlfn.XLOOKUP(Excel_Dashboard_Dataset_xlsx___Sales5[[#This Row],[ProductID]],Raw_Products!A:A,Raw_Products!C:C) -> Groceries | P6: =_xlfn.XLOOKUP(Excel_Dashboard_Dataset_xlsx___Sales5[[#This Row],[CustomerID]], Raw_Customers!A:A, Raw_Customers!B:B, "Unknown") -> Justin Williams
A7: 6 | B7: =YEAR(D:D) -> 2024 | C7: =TEXT(Excel_Dashboard_Dataset_xlsx___Sales5[[#This Row],[Date]],"mmm") -> Jul | D7: 45494 | E7: 16 | F7: 65 | G7: 37 | H7: 4 | I7: 80 | J7: =Excel_Dashboard_Dataset_xlsx___Sales5[[#This Row],[Quantity]]*Excel_Dashboard_Dataset_xlsx___Sales5[[#This Row],[UnitPrice]] -> 320 | K7: =_xlfn.XLOOKUP(Excel_Dashboard_Dataset_xlsx___Sales5[[#This Row],[CustomerID]],Raw_Customers!A:A,Raw_Customers!D:D) -> Male | L7: =_xlfn.XLOOKUP(Excel_Dashboard_Dataset_xlsx___Sales5[[#This Row],[CustomerID]],Raw_Customers!A:A,Raw_Customers!E:E) -> 43 | M7: =_xlfn.XLOOKUP(Excel_Dashboard_Dataset_xlsx___Sales5[[#This Row],[CustomerID]],Raw_Customers!A:A,Raw_Customers!C:C) -> East | N7: =_xlfn.XLOOKUP(Excel_Dashboard_Dataset_xlsx___Sales5[[#This Row],[ProductID]],Raw_Products!A:A,Raw_Products!B:B) -> Headphones | O7: =_xlfn.XLOOKUP(Excel_Dashboard_Dataset_xlsx___Sales5[[#This Row],[ProductID]],Raw_Products!A:A,Raw_Products!C:C) -> Electronics | P7: =_xlfn.XLOOKUP(Excel_Dashboard_Dataset_xlsx___Sales5[[#This Row],[CustomerID]], Raw_Customers!A:A, Raw_Customers!B:B, "Unknown") -> Ryan Long
A8: 7 | B8: =YEAR(D:D) -> 2024 | C8: =TEXT(Excel_Dashboard_Dataset_xlsx___Sales5[[#This Row],[Date]],"mmm") -> Sept | D8: 45537 | E8: 14 | F8: 111 | G8: 15 | H8: 6 | I8: 802 | J8: =Excel_Dashboard_Dataset_xlsx___Sales5[[#This Row],[Quantity]]*Excel_Dashboard_Dataset_xlsx___Sales5[[#This Row],[UnitPrice]] -> 4812 | K8: =_xlfn.XLOOKUP(Excel_Dashboard_Dataset_xlsx___Sales5[[#This Row],[CustomerID]],Raw_Customers!A:A,Raw_Customers!D:D) -> Female | L8: =_xlfn.XLOOKUP(Excel_Dashboard_Dataset_xlsx___Sales5[[#This Row],[CustomerID]],Raw_Customers!A:A,Raw_Customers!E:E) -> 56 | M8: =_xlfn.XLOOKUP(Excel_Dashboard_Dataset_xlsx___Sales5[[#This Row],[CustomerID]],Raw_Customers!A:A,Raw_Customers!C:C) -> West | N8: =_xlfn.XLOOKUP(Excel_Dashboard_Dataset_xlsx___Sales5[[#This Row],[ProductID]],Raw_Products!A:A,Raw_Products!B:B) -> Smartwatch | O8: =_xlfn.XLOOKUP(Excel_Dashboard_Dataset_xlsx___Sales5[[#This Row],[ProductID]],Raw_Products!A:A,Raw_Products!C:C) -> Electronics | P8: =_xlfn.XLOOKUP(Excel_Dashboard_Dataset_xlsx___Sales5[[#This Row],[CustomerID]], Raw_Customers!A:A, Raw_Customers!B:B, "Unknown") -> Emma Torres
A9: 8 | B9: =YEAR(D:D) -> 2023 | C9: =TEXT(Excel_Dashboard_Dataset_xlsx___Sales5[[#This Row],[Date]],"mmm") -> Jun | D9: 45105 | E9: 1 | F9: 142 | G9: 10 | H9: 3 | I9: 563 | J9: =Excel_Dashboard_Dataset_xlsx___Sales5[[#This Row],[Quantity]]*Excel_Dashboard_Dataset_xlsx___Sales5[[#This Row],[UnitPrice]] -> 1689 | K9: =_xlfn.XLOOKUP(Excel_Dashboard_Dataset_xlsx___Sales5[[#This Row],[CustomerID]],Raw_Customers!A:A,Raw_Customers!D:D) -> Female | L9: =_xlfn.XLOOKUP(Excel_Dashboard_Dataset_xlsx___Sales5[[#This Row],[CustomerID]],Raw_Customers!A:A,Raw_Customers!E:E) -> 28 | M9: =_xlfn.XLOOKUP(Excel_Dashboard_Dataset_xlsx___Sales5[[#This Row],[CustomerID]],Raw_Customers!A:A,Raw_Customers!C:C) -> West | N9: =_xlfn.XLOOKUP(Excel_Dashboard_Dataset_xlsx___Sales5[[#This Row],[ProductID]],Raw_Products!A:A,Raw_Products!B:B) -> Rice Bag | O9: =_xlfn.XLOOKUP(Excel_Dashboard_Dataset_xlsx___Sales5[[#This Row],[ProductID]],Raw_Products!A:A,Raw_Products!C:C) -> Groceries | P9: =_xlfn.XLOOKUP(Excel_Dashboard_Dataset_xlsx___Sales5[[#This Row],[CustomerID]], Raw_Customers!A:A, Raw_Customers!B:B, "Unknown") -> Jack Watson
A10: 9 | B10: =YEAR(D:D) -> 2023 | C10: =TEXT(Excel_Dashboard_Dataset_xlsx___Sales5[[#This Row],[Date]],"mmm") -> Sept | D10: 45170 | E10: 8 | F10: 14 | G10: 9 | H10: 1 | I10: 376 | J10: =Excel_Dashboard_Dataset_xlsx___Sales5[[#This Row],[Quantity]]*Excel_Dashboard_Dataset_xlsx___Sales5[[#This Row],[UnitPrice]] -> 376 | K10: =_xlfn.XLOOKUP(Excel_Dashboard_Dataset_xlsx___Sales5[[#This Row],[CustomerID]],Raw_Customers!A:A,Raw_Customers!D:D) -> Female | L10: =_xlfn.XLOOKUP(Excel_Dashboard_Dataset_xlsx___Sales5[[#This Row],[CustomerID]],Raw_Customers!A:A,Raw_Customers!E:E) -> 53 | M10: =_xlfn.XLOOKUP(Excel_Dashboard_Dataset_xlsx___Sales5[[#This Row],[CustomerID]],Raw_Customers!A:A,Raw_Customers!C:C) -> West | N10: =_xlfn.XLOOKUP(Excel_Dashboard_Dataset_xlsx___Sales5[[#This Row],[ProductID]],Raw_Products!A:A,Raw_Products!B:B) -> Bread | O10: =_xlfn.XLOOKUP(Excel_Dashboard_Dataset_xlsx___Sales5[[#This Row],[ProductID]],Raw_Products!A:A,Raw_Products!C:C) -> Groceries | P10: =_xlfn.XLOOKUP(Excel_Dashboard_Dataset_xlsx___Sales5[[#This Row],[CustomerID]], Raw_Customers!A:A, Raw_Customers!B:B, "Unknown") -> Margaret Rogers
A11: 10 | B11: =YEAR(D:D) -> 2024 | C11: =TEXT(Excel_Dashboard_Dataset_xlsx___Sales5[[#This Row],[Date]],"mmm") -> Mar | D11: 45358 | E11: 38 | F11: 166 | G11: 2 | H11: 3 | I11: 281 | J11: =Excel_Dashboard_Dataset_xlsx___Sales5[[#This Row],[Quantity]]*Excel_Dashboard_Dataset_xlsx___Sales5[[#This Row],[UnitPrice]] -> 843 | K11: =_xlfn.XLOOKUP(Excel_Dashboard_Dataset_xlsx___Sales5[[#This Row],[CustomerID]],Raw_Customers!A:A,Raw_Customers!D:D) -> Female | L11: =_xlfn.XLOOKUP(Excel_Dashboard_Dataset_xlsx___Sales5[[#This Row],[CustomerID]],Raw_Customers!A:A,Raw_Customers!E:E) -> 31 | M11: =_xlfn.XLOOKUP(Excel_Dashboard_Dataset_xlsx___Sales5[[#This Row],[CustomerID]],Raw_Customers!A:A,Raw_Customers!C:C) -> South | N11: =_xlfn.XLOOKUP(Excel_Dashboard_Dataset_xlsx___Sales5[[#This Row],[ProductID]],Raw_Products!A:A,Raw_Products!B:B) -> Socks | O11: =_xlfn.XLOOKUP(Excel_Dashboard_Dataset_xlsx___Sales5[[#This Row],[ProductID]],Raw_Products!A:A,Raw_Products!C:C) -> Clothing | P11: =_xlfn.XLOOKUP(Excel_Dashboard_Dataset_xlsx___Sales5[[#This Row],[CustomerID]], Raw_Customers!A:A, Raw_Customers!B:B, "Unknown") -> Angela Johnson
A12: 11 | B12: =YEAR(D:D) -> 2024 | C12: =TEXT(Excel_Dashboard_Dataset_xlsx___Sales5[[#This Row],[Date]],"mmm") -> Jan | D12: 45297 | E12: 34 | F12: 59 | G12: 48 | H12: 10 | I12: 497 | J12: =Excel_Dashboard_Dataset_xlsx___Sales5[[#This Row],[Quantity]]*Excel_Dashboard_Dataset_xlsx___Sales5[[#This Row],[UnitPrice]] -> 4970 | K12: =_xlfn.XLOOKUP(Excel_Dashboard_Dataset_xlsx___Sales5[[#This Row],[CustomerID]],Raw_Customers!A:A,Raw_Customers!D:D) -> Male | L12: =_xlfn.XLOOKUP(Excel_Dashboard_Dataset_xlsx___Sales5[[#This Row],[CustomerID]],Raw_Customers!A:A,Raw_Customers!E:E) -> 30 | M12: =_xlfn.XLOOKUP(Excel_Dashboard_Dataset_xlsx___Sales5[[#This Row],[CustomerID]],Raw_Customers!A:A,Raw_Customers!C:C) -> West | N12: =_xlfn.XLOOKUP(Excel_Dashboard_Dataset_xlsx___Sales5[[#This Row],[ProductID]],Raw_Products!A:A,Raw_Products!B:B) -> Dress | O12: =_xlfn.XLOOKUP(Excel_Dashboard_Dataset_xlsx___Sales5[[#This Row],[ProductID]],Raw_Products!A:A,Raw_Products!C:C) -> Clothing | P12: =_xlfn.XLOOKUP(Excel_Dashboard_Dataset_xlsx___Sales5[[#This Row],[CustomerID]], Raw_Customers!A:A, Raw_Customers!B:B, "Unknown") -> Sarah Diaz
A13: 12 | B13: =YEAR(D:D) -> 2023 | C13: =TEXT(Excel_Dashboard_Dataset_xlsx___Sales5[[#This Row],[Date]],"mmm") -> Feb | D13: 44971 | E13: 33 | F13: 56 | G13: 29 | H13: 9 | I13: 236 | J13: =Excel_Dashboard_Dataset_xlsx___Sales5[[#This Row],[Quantity]]*Excel_Dashboard_Dataset_xlsx___Sales5[[#This Row],[UnitPrice]] -> 2124 | K13: =_xlfn.XLOOKUP(Excel_Dashboard_Dataset_xlsx___Sales5[[#This Row],[CustomerID]],Raw_Customers!A:A,Raw_Customers!D:D) -> Male | L13: =_xlfn.XLOOKUP(Excel_Dashboard_Dataset_xlsx___Sales5[[#This Row],[CustomerID]],Raw_Customers!A:A,Raw_Customers!E:E) -> 42 | M13: =_xlfn.XLOOKUP(Excel_Dashboard_Dataset_xlsx___Sales5[[#This Row],[CustomerID]],Raw_Customers!A:A,Raw_Customers!C:C) -> East | N13: =_xlfn.XLOOKUP(Excel_Dashboard_Dataset_xlsx___Sales5[[#This Row],[ProductID]],Raw_Products!A:A,Raw_Products!B:B) -> Jacket | O13: =_xlfn.XLOOKUP(Excel_Dashboard_Dataset_xlsx___Sales5[[#This Row],[ProductID]],Raw_Products!A:A,Raw_Products!C:C) -> Clothing | P13: =_xlfn.XLOOKUP(Excel_Dashboard_Dataset_xlsx___Sales5[[#This Row],[CustomerID]], Raw_Customers!A:A, Raw_Customers!B:B, "Unknown") -> Laura Kelly
... A5001: 5000 | B5001: =YEAR(D:D) -> 2023 | C5001: =TEXT(Excel_Dashboard_Dataset_xlsx___Sales5[[#This Row],[Date]],"mmm") -> Mar | D5001: 44997 | E5001: 47 | F5001: 159 | G5001: 40 | H5001: 5 | I5001: 963 | J5001: =Excel_Dashboard_Dataset_xlsx___Sales5[[#This Row],[Quantity]]*Excel_Dashboard_Dataset_xlsx___Sales5[[#This Row],[UnitPrice]] -> 4815 | K5001: =_xlfn.XLOOKUP(Excel_Dashboard_Dataset_xlsx___Sales5[[#This Row],[CustomerID]],Raw_Customers!A:A,Raw_Customers!D:D) -> Female | L5001: =_xlfn.XLOOKUP(Excel_Dashboard_Dataset_xlsx___Sales5[[#This Row],[CustomerID]],Raw_Customers!A:A,Raw_Customers!E:E) -> 49 | M5001: =_xlfn.XLOOKUP(Excel_Dashboard_Dataset_xlsx___Sales5[[#This Row],[CustomerID]],Raw_Customers!A:A,Raw_Customers!C:C) -> East | N5001: =_xlfn.XLOOKUP(Excel_Dashboard_Dataset_xlsx___Sales5[[#This Row],[ProductID]],Raw_Products!A:A,Raw_Products!B:B) -> Dumbbells | O5001: =_xlfn.XLOOKUP(Excel_Dashboard_Dataset_xlsx___Sales5[[#This Row],[ProductID]],Raw_Products!A:A,Raw_Products!C:C) -> Sports | P5001: =_xlfn.XLOOKUP(Excel_Dashboard_Dataset_xlsx___Sales5[[#This Row],[CustomerID]], Raw_Customers!A:A, Raw_Customers!B:B, "Unknown") -> Christopher Diaz

Sheet Pivot_Table
A2: KPIs | G2: Product Name Performance | K2: Category Performance | O2: Age Performance
A3: Sales | B3: Orders | C3: Quantity | G3: Row Labels | H3: Sales | K3: Row Labels | L3: Sales | O3: Row Labels | P3: Sales
A4: 14536589 | B4: 5000 | C4: 28651 | G4: Tablet | H4: 333200 | K4: Clothing | L4: 2803334 | O4: 18-27 | P4: 2712690
G5: Flour | H5: 337960 | K5: Electronics | L5: 2821121 | O5: 28-37 | P5: 3440073
G6: Running Shoes | H6: 352661 | K6: Groceries | L6: 2888747 | O6: 38-47 | P6: 3116116
A7: Monthly Sales Trends: 2023 vs. 2025 | G7: Skipping Rope | H7: 358365 | K7: Home Appliances | L7: 2919114 | O7: 48-57 | P7: 2757029
A8: Row Labels | B8: Sales | G8: Vacuum Cleaner | H8: 433638 | K8: Sports | L8: 3104273 | O8: 58-67 | P8: 2510681
A9: Jan | B9: 1439383
A10: Feb | B10: 1189456
A11: Mar | B11: 1240338 | K11: Region Performance | O11: Gender Performance
A12: Apr | B12: 1170425 | E12: Row Labels | F12: Sales | G12: Sum of Sales | K12: Row Labels | L12: Sales | O12: Row Labels | P12: Sales
A13: May | B13: 1276021 | E13: 2023 | F13: 6774586 | K13: East | L13: 4887084 | O13: Female | P13: 9384843
A14: Jun | B14: 1038266 | E14: 2024 | F14: 7762003 | G14: 0.14575311 | K14: North | L14: 806168 | O14: Male | P14: 5151746
A15: Jul | B15: 1088215 | K15: South | L15: 3612920 | O15: Grand Total | P15: 14536589
A16: Aug | B16: 1199136 | K16: West | L16: 5230417
A17: Sept | B17: 1213886
A18: Oct | B18: 1103064
A19: Nov | B19: 1351187 | E19: Customers
A20: Dec | B20: 1227212 | E20: 300
A21: Grand Total | B21: 14536589

Sheet Dashboard
